,ID,Sex,DR,Use,RecDate,BirthDate,Ht,Race,Edu,Comments
0,ABC0,M,New York City,TRN,03/03/86,06/17/60,"5'11""",WHT,BS,
1,ABW0,M,Northern,TST,04/21/86,05/26/59,"5'9""",WHT,BS,
2,ADC0,M,North Midland,TRN,02/25/86,04/27/54,"5'9""",WHT,HS,
3,ADD0,M,Western,TRN,01/28/86,03/23/58,"6'2""",WHT,BS,
4,ADG0,F,South Midland,TST,02/12/86,04/11/59,"5'4""",WHT,MS,
5,AEB0,M,South Midland,TRN,04/10/86,09/20/37,"5'11""",WHT,HS,
6,AEM0,F,Northern,TRN,02/27/86,05/13/60,"5'3""",WHT,BS,
7,AEO0,M,Western,TRN,02/20/86,07/19/55,"5'11""",WHT,BS,
8,AFM0,M,Western,TRN,03/31/86,12/22/52,"5'08""",WHT,BS,
9,AHH0,M,Southern,TST,02/14/86,02/22/53,"5'10""",BLK,BS,
10,AJC0,M,Army Brat,TST,03/11/86,12/25/58,"6'00""",WHT,BS,
11,AJP0,M,New York City,TRN,05/06/86,08/23/63,"5'11""",WHT,BS,
12,AJW0,F,Northern,TRN,02/11/86,03/31/58,"5'8""",WHT,HS,
13,AKB0,M,North Midland,TRN,04/16/86,09/18/51,"6'0""",WHT,MS,
14,AKR0,M,North Midland,TRN,02/24/86,04/09/63,"6'0""",WHT,MS,
15,AKS0,F,New England,TST,04/01/86,12/05/57,"5'04""",WHT,PHD,
16,ALK0,F,North Midland,TRN,01/28/86,07/23/38,"5'6""",WHT,HS,
17,ALR0,F,South Midland,TRN,02/20/86,06/05/62,"5'4""",WHT,BS,
18,APB0,F,New York City,TRN,04/30/86,09/18/45,"5'5""",WHT,HS,
19,APV0,M,North Midland,TRN,02/13/86,03/26/48,"5'10""",WHT,MS,
20,ARC0,M,Northern,TRN,01/30/86,12/03/57,"5'9""",WHT,MS,
21,ARW0,M,South Midland,TRN,02/12/86,11/05/60,"5'10""",WHT,BS,
22,ASW0,F,Southern,TST,03/26/86,01/06/31,"5'06""",WHT,??,"LOW PITCH VOICE, A SOUTHERN LADY"
23,AWF0,F,Southern,TST,04/14/86,12/19/58,"5'7""",WHT,BS,
24,BAR0,M,Western,TRN,02/19/86,07/18/62,"6'1""",WHT,BS,
25,BAS0,F,South Midland,TRN,02/26/86,09/04/33,"5'5""",WHT,BS,
26,BBR0,M,Western,TRN,04/29/86,08/18/57,"5'8""",WHT,BS,
27,BCG0,M,Army Brat,TRN,04/02/86,08/11/59,"5'8""",WHT,BS,
28,BCG1,F,Army Brat,TRN,04/09/86,02/23/59,"4'9""",???,BS,
29,BCH0,F,New York City,TRN,04/02/86,07/08/59,"5'06""",WHT,BS,PICKS UP ACCENTS EASILY
30,BDG0,M,North Midland,TST,03/11/86,04/30/58,"5'11""",WHT,MS,
31,BEF0,M,North Midland,TRN,02/12/86,11/04/52,"5'11""",WHT,PHD,SLIGHT HEARING LOSS
32,BGT0,M,Southern,TRN,02/21/86,03/22/58,"5'10""",WHT,BS,
33,BJK0,M,Northern,TST,01/29/86,10/02/61,"6'3""",WHT,BS,
34,BJL0,F,Southern,TRN,03/26/86,09/17/62,"5'07""",WHT,BS,CONCIOUS ATTEMPT TO CHANGE ACCENT
35,BJV0,M,Northern,TRN,02/05/86,09/25/61,"6'0""",WHT,BS,
36,BLV0,F,Western,TRN,04/29/86,12/14/58,"5'8""",WHT,MS,
37,BMA0,M,South Midland,TRN,02/04/86,10/08/41,"6'3""",WHT,PHD,
38,BMA1,M,New York City,TRN,04/02/86,08/16/54,"6'02""",WHT,BS,GOOD EX NYC-LONG IS
39,BMH0,F,Southern,TRN,01/23/86,02/26/46,"5'6""",WHT,HS,
40,BMJ0,F,South Midland,TRN,01/24/86,05/23/40,"5'3""",WHT,HS,
41,BML0,M,Western,TRN,01/28/86,08/28/59,"6'2""",WHT,BS,
42,BNS0,M,South Midland,TST,02/03/86,09/22/56,"5'11""",WHT,MS,
43,BOM0,M,Western,TRN,04/16/86,07/30/59,"5'10""",WHT,BS,
44,BPM0,M,Southern,TST,04/01/86,08/21/60,"5'09""",WHT,MS,
45,BSB0,M,Army Brat,TRN,02/24/86,12/17/62,"5'11""",WHT,??,
46,BTH0,M,Western,TRN,03/12/86,05/11/62,"6'02""",WHT,BS,
47,BWM0,M,North Midland,TST,02/17/86,12/20/54,"6'2""",WHT,HS.,7 YRS IN DALLAS
48,BWP0,M,South Midland,TRN,02/21/86,04/28/47,"6'0""",WHT,BS,
49,CAE0,M,New York City,TRN,03/07/86,05/28/57,"6'00""",BLK,HS,
50,CAG0,F,South Midland,TRN,03/18/86,03/10/62,"5'11""",WHT,MS,
51,CAJ0,F,Northern,TRN,03/13/86,08/06/50,"5'08""",WHT,HS,
52,CAL0,M,North Midland,TRN,01/23/86,06/23/59,"6'3""",WHT,BS,
53,CAL1,F,Southern,TST,02/28/86,01/20/56,"5'4""",WHT,HS,
54,CAU0,F,Western,TST,04/21/86,03/08/63,"5'10""",WHT,MS,
55,CCS0,M,Northern,TST,03/12/86,05/27/42,"5'08""",WHT,HS,
56,CDC0,M,North Midland,TRN,02/13/86,10/19/59,"5'9""",WHT,BS,
57,CDD0,M,North Midland,TRN,03/19/86,05/04/55,"6'02""",WHT,BS,
58,CDR0,M,South Midland,TRN,01/27/86,12/29/60,"5'10""",WHT,BS,
59,CDR1,F,Southern,TRN,01/29/86,10/22/62,"5'8""",BLK,HS.,DENASALITY
60,CEF0,M,North Midland,TRN,01/23/86,11/23/57,"5'8""",WHT,BS,
61,CEG0,F,Army Brat,TRN,02/05/86,09/10/58,"5'3""",WHT,BS,
62,CEM0,M,Northern,TST,02/27/86,09/09/57,"5'9""",BLK,??,
63,CEW0,M,Northern,TRN,03/06/86,07/09/39,"6'02""",WHT,MS,
64,CFT0,F,South Midland,TST,01/29/86,03/10/63,"5'3""",WHT,HS,
65,CHH0,M,Western,TST,04/15/86,09/25/42,"6'5""",WHT,PHD,
66,CHL0,M,Southern,TRN,02/24/86,12/11/60,"6'3""",WHT,HS,
67,CJF0,F,New England,TRN,04/18/86,08/31/62,"5'4""",WHT,BS,
68,CJS0,F,Western,TRN,04/09/86,07/10/44,"5'9""",WHT,MS,
69,CKE0,F,North Midland,TRN,01/21/86,03/26/60,"5'8""",WHT,BS,
70,CLK0,M,Western,TRN,04/18/86,08/12/64,"5'10""",WHT,HS,
71,CLM0,M,Southern,TRN,03/10/86,11/28/45,"6'03""",WHT,BS,
72,CLT0,F,Army Brat,TRN,03/05/86,10/16/46,"5'0""",WHT,AS,
73,CMB0,M,Southern,TST,02/11/86,09/06/48,"6'3""",WHT,PHD,
74,CMG0,F,North Midland,TRN,02/05/86,04/01/60,"5'6""",WHT,BS,
75,CMH0,F,North Midland,TST,03/10/86,06/06/43,"5'08""",WHT,MS,
76,CMH1,F,Army Brat,TST,03/14/86,05/01/62,"5'06""",WHT,BS,
77,CMJ0,M,New York City,TST,01/16/86,02/06/58,"5'7""",WHT,MS,
78,CMM0,F,Northern,TRN,01/09/86,01/30/60,"5'2""",WHT,HS,2 YRS COLLEGE
79,CMR0,F,Northern,TST,01/21/86,04/06/51,"5'3""",WHT,MS,
80,CPM0,M,New England,TRN,01/30/86,02/18/62,"5'6""",WHT,BS,
81,CRC0,M,Southern,TST,01/31/86,08/06/47,"5'7""",WHT,MS,
82,CRE0,M,Western,TRN,01/22/86,09/09/60,"6'0""",WHT,BS,
83,CRH0,F,South Midland,TST,01/17/86,02/24/58,"5'4""",BLK,HS,
84,CRZ0,F,Western,TRN,03/04/86,08/30/29,"5'2""",WHT,HS,
85,CSH0,M,North Midland,TST,03/25/86,11/19/32,"5'11""",WHT,BS,
86,CSS0,M,South Midland,TRN,02/26/86,09/14/61,"5'10""",WHT,BS,
87,CTH0,M,Western,TRN,01/31/86,10/16/59,"6'2""",WHT,MS,
88,CTM0,M,Northern,TRN,02/24/86,08/29/55,"6'0""",WHT,HS,
89,CTT0,M,Southern,TST,03/26/86,05/24/62,"5'11""",WHT,BS,
90,CTW0,M,North Midland,TST,02/25/86,02/26/60,"6'8""",???,BS,
91,CXM0,M,Army Brat,TRN,02/24/86,09/07/58,"5'9""",HIS,HS,
92,CYL0,F,Northern,TRN,02/14/86,02/16/59,"5'7""",WHT,BS,
93,DAB0,M,New England,TST,04/21/86,12/15/62,"5'11""",WHT,BS,
94,DAC0,M,New England,TRN,02/11/86,11/29/60,"5'10""",WHT,BS,
95,DAC1,F,New England,TST,03/12/86,11/05/18,"5'01""",WHT,HS,
96,DAC2,M,Southern,TST,04/14/86,04/06/61,"5'10""",WHT,BS,
97,DAS0,M,Southern,TRN,02/11/86,07/12/61,"6'1""",WHT,BS,
98,DAS1,F,Northern,TRN,03/11/86,12/30/59,"5'09""",WHT,MS,
99,DAW0,F,New England,TRN,02/28/86,07/18/60,"5'4""",WHT,HS,
100,DAW1,M,Army Brat,TST,03/10/86,11/17/57,"5'10""",WHT,BS,
101,DBB0,M,Northern,TST,01/30/86,10/02/33,"5'10""",WHT,MS,
102,DBB1,M,North Midland,TRN,04/15/86,02/27/62,"5'11""",WHT,BS,
103,DBP0,M,Northern,TRN,01/27/86,01/25/62,"5'9""",WHT,BS,
104,DCD0,M,South Midland,TRN,03/03/86,11/20/33,"5'11""",WHT,HS,
105,DCM0,M,Western,TRN,03/13/86,11/24/59,"5'11""",WHT,MS,
106,DDC0,M,North Midland,TRN,03/03/86,07/16/53,"5'7""",WHT,MS,
107,DED0,M,Western,TRN,01/28/86,12/20/59,"5'10""",???,BS,
108,DEF0,M,North Midland,TRN,03/31/86,01/29/52,"5'09""",WHT,BS,
109,DEM0,M,Northern,TRN,02/05/86,09/11/61,"6'0""",WHT,BS,INTERESTING INTONATION PATTERN
110,DFB0,F,North Midland,TRN,02/19/86,11/01/61,"5'6""",???,BS,
111,DHC0,F,Western,TST,03/26/86,03/17/56,"5'07""",WHT,MS,
112,DHL0,M,Southern,TRN,03/05/86,07/31/52,"5'8""",BLK,BS,BORDERLINE SO/NO MIDLAND
113,DHS0,M,North Midland,TRN,03/21/86,07/17/53,"5'06""",WHT,MS,
114,DJH0,F,North Midland,TRN,03/31/86,03/24/61,"5'02""",WHT,BS,
115,DJM0,M,North Midland,TRN,03/10/86,03/08/60,"6'04""",WHT,BS,
116,DKN0,F,South Midland,TRN,05/09/86,07/04/54,"6'0""",WHT,PHD,
117,DKS0,M,Western,TRN,05/02/86,03/25/57,"6'5""",WHT,BS,
118,DLB0,M,Northern,TRN,02/17/86,05/17/51,"5'8""",WHT,AS,HAD TO PROMPT THEOCRACY
119,DLC0,M,North Midland,TRN,02/27/86,04/28/42,"5'8""",WHT,??,
120,DLC1,M,Western,TRN,03/05/86,04/25/50,"6'1""",WHT,MS,
121,DLC2,M,Northern,TRN,04/09/86,11/18/59,"5'9""",WHT,MS,
122,DLD0,M,Northern,TST,03/25/86,07/23/61,"5'10""",WHT,MS,LIFETIME WISCONSIN
123,DLF0,M,Western,TST,04/02/86,07/20/61,"6'03""",WHT,BS,
124,DLH0,M,North Midland,TRN,02/20/86,04/07/55,"5'11""",WHT,BS,
125,DLM0,M,Western,TRN,02/05/86,07/10/52,"6'2""",WHT,MS,
126,DLR0,M,Western,TRN,02/04/86,05/02/56,"5'8""",WHT,BS,
127,DLR1,M,Western,TRN,02/14/86,01/22/63,"5'9""",WHT,AS,
128,DLS0,M,South Midland,TST,04/14/86,06/26/59,"5'9""",WHT,MS,
129,DMA0,M,South Midland,TRN,03/04/86,04/22/58,"5'9""",WHT,MS,
130,DML0,F,New England,TRN,01/24/86,03/19/63,"5'6""",WHT,BS,
131,DMS0,F,South Midland,TST,02/03/86,01/30/54,"5'4""",WHT,BS,
132,DMT0,M,Northern,TRN,01/31/86,07/13/56,"6'0""",WHT,MS,
133,DMY0,F,Southern,TRN,01/30/86,08/30/60,"5'6""",BLK,AS,
134,DNC0,F,Northern,TRN,02/12/86,04/27/46,"5'4""",WHT,HS,
135,DNS0,M,North Midland,TRN,04/16/86,11/23/55,"5'8""",WHT,BS,
136,DPB0,M,Western,TRN,03/18/86,09/07/59,"5'09""",WHT,MS,
137,DPK0,M,New England,TRN,04/29/86,09/07/60,"5'2""",WHT,BS,
138,DPS0,M,Northern,TRN,02/24/86,05/22/53,"6'1""",WHT,HS,
139,DRB0,M,Southern,TST,01/29/86,08/23/59,"6'0""",BLK,BS,
140,DRD0,M,New York City,TRN,02/26/86,06/11/61,"6'5""",WHT,HS,
141,DRD1,F,Northern,TST,03/25/86,07/24/63,"5'04""",WHT,BS,
142,DRM0,M,South Midland,TST,04/16/86,10/26/55,"6'0""",WHT,MS,
143,DRW0,F,New York City,TST,02/13/86,11/29/61,"5'2""",WHT,BS,GOOD NY SPEECH
144,DSC0,M,New York City,TST,04/21/86,12/27/43,"5'7""",WHT,PHD,
145,DSJ0,M,Southern,TRN,03/11/86,07/19/52,"6'02""",WHT,MS,
146,DSS0,M,Northern,TRN,02/05/86,08/22/58,"5'9""",WHT,BS,
147,DSS1,M,North Midland,TRN,02/20/86,08/24/55,"6'1""",WHT,BS,
148,DTB0,M,North Midland,TRN,01/31/86,07/15/42,"5'10""",AMR,BS,
149,DTD0,F,Southern,TRN,03/31/86,12/11/54,"5'08""",BLK,BS,TRIED TO CHANGE SO. ACCENT TO FIT CHICAGO
150,DVC0,M,Western,TST,03/31/86,02/11/55,"5'11""",WHT,PHD,"JAPANESE 2ND LANG, LIVED IN SEVERAL STATES, INTERESTING ACCENT"
151,DWA0,M,Southern,TST,03/06/86,09/18/59,"5'11""",WHT,BS,
152,DWD0,M,Northern,TRN,02/11/86,07/03/62,"5'10""",WHT,BS,
153,DWH0,M,Southern,TRN,02/14/86,02/12/62,"6'2""",WHT,BS,
154,DWK0,M,Southern,TST,03/25/86,01/09/32,"5'08""",WHT,BS,"HOME NC, MOTHER FROM NY, FATHER FROM CT, PAROCHIAL SCHOOL"
155,DWM0,M,North Midland,TRN,03/25/86,02/01/62,"5'10""",WHT,BS,
156,DXW0,F,Northern,TRN,03/19/86,12/31/61,"5'09""",WHT,BS,"SPOKE GERMAN TO AGE 3, SOFT/BREATHY VOICE"
157,EAC0,F,Northern,TRN,02/05/86,11/27/50,"5'4""",WHT,BS,
158,EAL0,M,New York City,TRN,03/25/86,11/02/63,"5'10""",WHT,BS,
159,EAR0,F,Southern,TRN,02/05/86,12/03/45,"5'8""",WHT,HS,
160,ECD0,F,New England,TRN,03/03/86,03/08/49,"5'2""",WHT,BS,WORKED ON CHANGING FROM MASS TO SOUTHERN ACCENT!
161,EDR0,M,New England,TRN,02/25/86,11/01/60,"5'6""",???,BS,
162,EDW0,F,South Midland,TST,01/15/86,01/17/60,"5'7""",BLK,HS,
163,EEH0,F,South Midland,TRN,01/21/86,03/10/62,"5'4""",WHT,BS,
164,EFG0,M,Northern,TRN,01/16/86,02/26/56,"5'8""",WHT,BS,
165,EGJ0,M,Southern,TRN,02/20/86,05/11/54,"6'4""",WHT,??,
166,EJL0,M,New York City,TRN,04/02/86,08/01/57,"5'9""",WHT,MS,
167,EJS0,M,Army Brat,TRN,02/05/86,03/28/50,"5'11""",WHT,MS,
168,ELC0,F,New England,TST,02/26/86,05/20/54,"5'4""",WHT,BS,
169,EME0,F,North Midland,TRN,03/18/86,03/29/34,"5'09""",WHT,BS,
170,ERS0,M,Western,TST,04/17/86,02/06/57,"5'8""",WHT,MS,
171,ESD0,M,New York City,TST,04/15/86,01/04/62,"5'8""",WHT,BS,
172,ESG0,M,South Midland,TRN,02/20/86,05/24/63,"6'0""",WHT,??,
173,ESJ0,M,New York City,TRN,04/14/86,12/31/57,"5'8""",WHT,BS,
174,ETB0,F,New England,TRN,01/24/86,06/16/60,"5'0""",WHT,BS,
175,EWM0,M,Southern,TRN,02/24/86,11/29/63,"5'8""",WHT,HS,
176,EXM0,F,Southern,TRN,01/20/86,12/03/54,"5'4""",BLK,MS,
177,FER0,M,Southern,TRN,03/14/86,06/20/56,"6'03""",WHT,BS,
178,FGK0,M,Southern,TST,01/21/86,01/25/57,"5'6""",WHT,BS,
179,FMC0,M,North Midland,TRN,01/23/86,08/27/61,"6'3""",WHT,BS,
180,FRM0,M,South Midland,TRN,01/27/86,04/10/56,"5'11""",WHT,BS,NASALITY
181,FWK0,M,South Midland,TRN,02/05/86,10/19/48,"5'9""",WHT,BS,
182,FXS0,M,Western,TRN,04/23/86,04/19/46,"5'6""",WHT,BS,
183,FXV0,M,Western,TRN,04/15/86,07/09/41,"6'3""",WHT,PHD,
184,GAF0,M,North Midland,TRN,02/12/86,12/11/48,"5'11""",WHT,MS,GOOD VOICE
185,GAG0,M,South Midland,TRN,02/19/86,10/06/62,"6'0""",WHT,AS,
186,GAK0,M,Western,TRN,04/21/86,09/20/50,"6'2""",WHT,MS,
187,GAR0,M,Western,TRN,01/31/86,11/28/61,"5'10""",WHT,BS,
188,GAW0,M,Western,TRN,01/28/86,11/11/60,"5'11""",WHT,BS,
189,GCS0,F,North Midland,TRN,03/13/86,07/14/62,"5'03""",WHT,BS,
190,GDP0,F,Southern,TRN,04/10/86,12/16/58,"4'10""",BLK,BS,
191,GES0,M,Southern,TRN,03/13/86,02/21/60,"6'03""",WHT,MS,
192,GJC0,M,South Midland,TRN,02/20/86,07/29/62,"5'9""",WHT,??,
193,GJD0,F,South Midland,TST,01/29/86,12/10/60,"5'6""",WHT,HS,BUSINESS SCHOOL
194,GJF0,M,North Midland,TST,02/11/86,08/16/50,"5'11""",WHT,MS,
195,GLB0,M,North Midland,TST,03/24/86,04/22/49,"5'11""",WHT,MS,
196,GMB0,F,Southern,TRN,01/24/86,07/10/58,"5'8""",WHT,MS,
197,GMD0,F,Southern,TST,02/18/86,11/06/62,"5'3""",WHT,BS,
198,GMM0,M,South Midland,TST,01/23/86,08/19/62,"5'10""",WHT,BS,
199,GRL0,M,New England,TRN,03/18/86,02/20/48,"6'01""",WHT,BS,
200,GRP0,M,South Midland,TRN,02/18/86,02/20/29,"6'1""",WHT,MS,
201,GRT0,M,Western,TST,03/07/86,08/25/56,"6'03""",WHT,BS,
202,GRW0,F,North Midland,TRN,01/27/86,05/22/61,"5'3""",WHT,HS,SUBJECT HAS COLD
203,GSH0,M,Southern,TRN,01/29/86,10/09/57,"6'0""",WHT,BS,
204,GSL0,M,Western,TRN,01/28/86,07/15/47,"6'4""",WHT,PHD,
205,GWR0,F,Western,TST,04/01/86,10/08/60,"5'08""",WHT,BS,
206,GWT0,M,Northern,TST,03/25/86,07/15/21,"5'06""",WHT,BS,
207,GXP0,M,South Midland,TRN,02/03/86,05/15/50,"5'8""",BLK,BS,
208,HBS0,M,Western,TRN,04/01/86,02/15/62,"5'10""",WHT,BS,
209,HES0,F,Southern,TST,01/21/86,11/29/60,"5'5""",WHT,MS,
210,HEW0,F,Southern,TST,02/27/86,04/11/34,"5'0""",WHT,HS,
211,HIT0,M,Southern,TRN,04/09/86,01/02/59,"5'9""",BLK,BS,
212,HJB0,M,North Midland,TRN,04/17/86,12/20/58,"6'1""",WHT,BS,
213,HLM0,F,Northern,TRN,03/31/86,06/18/43,"5'03""",WHT,HS,
214,HMG0,M,Southern,TRN,02/25/86,08/08/59,"5'11""",WHT,BS,
215,HMR0,M,North Midland,TRN,01/22/86,01/21/62,"5'10""",WHT,BS,
216,HPG0,M,North Midland,TST,01/17/86,09/19/47,"5'9""",WHT,BS,
217,HRM0,M,Northern,TRN,04/02/86,07/02/56,"6'2""",WHT,AS,"LOW VOLUME, BREATHY, PITCH BREAKS"
218,HXL0,M,Western,TRN,01/24/86,09/09/51,"5'10""",ORN,MS,
219,HXS0,F,New York City,TRN,05/07/86,08/20/41,"5'6""",WHT,BS,HAS GOOD NY PRON. OF SAW
220,ILB0,M,North Midland,TRN,03/24/86,06/07/55,"6'03""",WHT,BS,
221,ISB0,F,Western,TST,04/01/86,02/12/51,"5'10""",WHT,HS,MOVED AROUND
222,JAC0,M,South Midland,TRN,02/20/86,10/10/40,"5'8""",WHT,BS,
223,JAE0,M,Northern,TRN,03/20/86,03/21/63,"5'09""",WHT,BS,
224,JAI0,M,Western,TRN,04/08/86,03/14/62,"5'10""",WHT,BS,
225,JAR0,M,Northern,TST,02/25/86,11/13/61,"5'11""",WHT,BS,
226,JAS0,F,Northern,TST,02/27/86,07/21/47,"5'8""",WHT,PHD,
227,JBG0,M,Northern,TRN,02/04/86,04/14/59,"5'11""",WHT,BS,
228,JBR0,M,North Midland,TST,04/15/86,07/22/50,"5'10""",WHT,MS,
229,JCS0,F,Southern,TST,02/18/86,12/27/51,"5'4""",WHT,BS,
230,JDA0,M,North Midland,TRN,04/18/86,03/01/54,"5'7""",WHT,BS,
231,JDC0,M,South Midland,TRN,01/28/86,09/29/58,"6'2""",WHT,BS,
232,JDE0,M,Northern,TRN,01/22/86,09/20/62,"6'0""",WHT,BS,
233,JDG0,M,Western,TRN,04/23/86,11/12/56,"5'3""",ORN,BS,
234,JDH0,M,New York City,TST,02/24/86,09/26/50,"6'1""",WHT,BS,
235,JDM0,M,Southern,TRN,02/21/86,02/19/51,"6'1""",WHT,MS,
236,JDM1,M,South Midland,TST,03/07/86,05/17/61,"6'0""",WHT,BS,SUBJECT CALLS SPEECH HICK
237,JDM2,F,New York City,TRN,04/01/86,10/06/55,"5'05""",WHT,BS,
238,JEB0,M,Northern,TRN,02/13/86,12/21/47,"5'8""",WHT,MS,
239,JEB1,M,New England,TRN,03/12/86,01/25/59,"5'09""",WHT,MS,
240,JEE0,M,South Midland,TRN,02/05/86,06/29/56,"5'11""",WHT,MS,
241,JEM0,F,New England,TST,02/11/86,11/06/51,"5'6""",WHT,MS,
242,JEN0,F,Western,TRN,04/23/86,09/13/63,"5'8""",WHT,BS,
243,JES0,M,North Midland,TST,02/26/86,01/29/63,"5'5""",WHT,BS,
244,JFC0,M,New York City,TST,04/21/86,03/16/59,"6'0""",WHT,BS,
245,JFH0,M,Southern,TRN,01/21/86,01/25/58,"5'9""",WHT,MS,
246,JFR0,M,Western,TRN,04/09/86,10/09/39,"5'8""",WHT,MS,
247,JHI0,M,Northern,TRN,02/20/86,05/28/52,"5'7""",BLK,HS,
248,JHK0,F,Western,TRN,04/17/86,07/21/60,"5'2""",???,MS,
249,JJB0,M,North Midland,TRN,01/23/86,04/18/59,"6'0""",WHT,BS,
250,JJG0,M,North Midland,TST,04/15/86,07/01/61,"6'1""",WHT,BS,
251,JJJ0,M,South Midland,TRN,01/28/86,11/16/39,"6'1""",WHT,BS,
252,JJM0,M,Western,TRN,03/11/86,06/24/62,"6'01""",WHT,BS,
253,JKL0,F,Northern,TRN,03/31/86,01/31/59,"5'06""",WHT,BS,
254,JKR0,M,North Midland,TRN,01/31/86,12/02/53,"6'6""",WHT,MS,/R/ IN WASH
255,JLB0,M,South Midland,TRN,04/10/86,08/02/63,"5'10""",WHT,BS,
256,JLG0,F,North Midland,TRN,02/06/86,10/14/62,"5'4""",WHT,BS,
257,JLG1,M,North Midland,TRN,04/16/86,12/24/59,"5'9""",WHT,BS,
258,JLM0,F,South Midland,TST,04/23/86,07/02/62,"5'3""",WHT,BS,
259,JLN0,M,Army Brat,TST,03/07/86,10/02/55,"5'10""",WHT,MS,
260,JLR0,F,North Midland,TRN,02/04/86,12/01/60,"5'4""",WHT,BS,WHISTLING SIBILANTS
261,JLS0,M,South Midland,TRN,01/17/86,06/01/60,"5'9""",WHT,BS,
262,JMA0,M,Northern,TRN,03/18/86,04/11/62,"5'10""",WHT,BS,
263,JMD0,M,Northern,TRN,04/18/86,03/29/58,"5'7""",WHT,MS,
264,JMG0,F,South Midland,TST,01/29/86,07/04/53,"5'5""",WHT,MS,
265,JMM0,M,South Midland,TRN,02/06/86,10/16/58,"5'9""",WHT,HS,
266,JMP0,M,North Midland,TST,03/24/86,09/29/62,"6'01""",WHT,BS,HOARSE/BREATHY
267,JPG0,M,Southern,TRN,01/30/86,09/28/62,"6'2""",WHT,BS,
268,JPM0,M,Northern,TRN,02/25/86,04/29/58,"6'2""",WHT,BS,
269,JPM1,M,South Midland,TRN,02/27/86,02/06/38,"5'9""",WHT,HS,
270,JRA0,M,Western,TRN,02/05/86,04/11/55,"5'11""",WHT,BS,
271,JRB0,F,Army Brat,TRN,02/17/86,08/10/58,"5'7""",WHT,AS,
272,JRE0,F,Northern,TST,01/21/86,08/07/62,"5'6""",WHT,BS,
273,JRF0,M,South Midland,TST,03/10/86,12/05/45,"5'07""",WHT,MS,
274,JRG0,M,Southern,TRN,02/25/86,10/15/56,"6'1""",WHT,BS,
275,JRH0,M,South Midland,TRN,01/22/86,12/12/60,"5'10""",WHT,BS,
276,JRH1,M,North Midland,TRN,01/24/86,05/22/62,"6'0""",WHT,BS,
277,JRK0,M,New York City,TRN,03/19/86,07/16/40,"6'01""",WHT,MS,
278,JRP0,M,Northern,TRN,02/03/86,06/23/58,"5'11""",WHT,HS,
279,JRP1,F,Western,TRN,03/04/86,08/07/40,"5'8""",WHT,HS,
280,JSA0,F,Southern,TST,02/26/86,09/13/53,"5'7""",WHT,BS,
281,JSJ0,F,Army Brat,TST,03/13/86,09/18/49,"5'05""",WHT,MS,
282,JSK0,F,Western,TRN,04/24/86,02/04/54,"5'10""",WHT,BS,
283,JSP0,F,New England,TRN,03/05/86,07/06/49,"5'3""",WHT,MS,
284,JSR0,M,South Midland,TRN,03/04/86,12/26/49,"5'11""",SPN,HS,HIGH PITCHED/HARSH VOICE QUALITY
285,JSW0,M,New England,TST,04/16/86,07/15/53,"5'8""",WHT,MS,
286,JTC0,M,Army Brat,TST,03/11/86,11/23/55,"5'11""",ORN,MS,
287,JTH0,M,Army Brat,TST,02/14/86,07/26/58,"5'10""",WHT,MS,
288,JVW0,M,North Midland,TST,01/20/86,07/19/63,"6'0""",WHT,MS,
289,JWB0,F,Northern,TST,02/11/86,02/26/54,"5'7""",WHT,MS,
290,JWB1,F,South Midland,TRN,03/04/86,04/12/56,"5'6""",WHT,BS,HARSH VOICE QUALITY
291,JWG0,M,Southern,TRN,03/20/86,06/10/61,"5'11""",WHT,BS,
292,JWS0,M,South Midland,TRN,01/24/86,01/12/40,"5'11""",WHT,BS,
293,JWT0,M,New England,TRN,02/26/86,03/25/53,"6'3""",WHT,BS,
294,JXA0,M,Southern,TRN,03/19/86,01/13/50,"5'11""",WHT,BS,
295,JXL0,M,South Midland,TRN,01/29/86,10/24/27,"5'10""",WHT,HS,
296,JXM0,F,Southern,TRN,01/31/86,03/10/58,"5'3""",BLK,HS,
297,JXP0,F,South Midland,TRN,01/22/86,04/23/62,"5'4""",WHT,BS,
298,KAA0,F,Northern,TRN,01/31/86,10/26/58,"5'6""",WHT,BS,
299,KAG0,M,Western,TRN,04/09/86,10/01/39,"5'8""",WHT,BS,
300,KAH0,M,Northern,TRN,03/21/86,07/25/56,"6'00""",WHT,MS,
301,KAJ0,M,Northern,TRN,03/03/86,07/05/55,"5'6""",WHT,BS,
302,KAM0,M,South Midland,TRN,02/18/86,11/12/48,"6'0""",WHT,MS,
303,KCH0,M,North Midland,TST,02/25/86,01/23/56,"6'5""",WHT,PHD,
304,KCL0,M,South Midland,TST,02/13/86,01/12/47,"5'6""",WHT,BS,
305,KDB0,M,Western,TRN,03/18/86,09/25/55,"5'11""",WHT,MS,
306,KDD0,M,Army Brat,TRN,03/31/86,12/14/55,"6'00""",WHT,MS,"SPEAKS DUTCH/FRENCH, HAS MOVED AROUND, MOSTLY UT"
307,KDE0,F,Western,TRN,01/24/86,06/20/62,"5'4""",WHT,AS,
308,KDR0,M,Western,TST,02/12/86,11/02/60,"6'2""",WHT,BS,
309,KDT0,M,Northern,TRN,03/20/86,08/02/57,"5'08""",WHT,MS,
310,KDW0,F,South Midland,TRN,01/31/86,10/14/61,"5'0""",WHT,BS,
311,KES0,M,New York City,TRN,02/05/86,06/05/55,"6'0""",WHT,BS,
312,KFB0,F,New England,TRN,04/09/86,09/14/??,"5'2""",WHT,BS,
313,KJL0,M,Western,TST,01/20/86,11/18/55,"6'1""",WHT,MS,RECOVERING FROM A COLD
314,KJO0,M,Northern,TRN,03/20/86,12/05/54,"6'00""",WHT,PHD,HAD TO PROMPT ZINNIA
315,KKH0,F,Southern,TRN,02/13/86,04/12/58,"5'5""",WHT,MS,
316,KLC0,F,South Midland,TRN,04/10/86,05/05/60,"5'5""",WHT,BS,SUBJECT HAS BEEN TEASED ABOUT ACCENT AND HAS TRIED TO CHANGE HER SPEECH AS A RESULT
317,KLC1,F,New York City,TRN,04/24/86,06/23/62,"5'6""",WHT,BS,
318,KLH0,F,Army Brat,TRN,02/06/86,07/26/61,"5'6""",WHT,BS,
319,KLN0,M,New York City,TRN,04/07/86,01/03/57,"5'8""",WHT,BS,
320,KLR0,M,Western,TRN,04/29/86,12/04/59,"6'0""",WHT,BS,
321,KLS0,M,New England,TRN,03/05/86,07/01/52,"5'6""",WHT,MS,
322,KLS1,M,North Midland,TRN,03/25/86,12/29/61,"6'01""",WHT,BS,
323,KLT0,M,Southern,TST,02/03/86,06/13/62,"5'11""",WHT,BS,
324,KLW0,M,New England,TRN,04/01/86,11/22/56,"5'09""",WHT,PHD,
325,KMS0,F,North Midland,TST,03/14/86,04/06/47,"5'08""",WHT,MS,
326,KRG0,M,Army Brat,TRN,03/14/86,08/10/60,"6'00""",WHT,MS,
327,KSR0,F,Western,TRN,01/21/86,02/13/61,"5'8""",WHT,BS,
328,KXL0,M,North Midland,TRN,01/29/86,10/24/59,"5'11""",WHT,BS,
329,LAC0,F,North Midland,TRN,03/21/86,03/23/61,"5'06""",WHT,BS,
330,LAG0,F,New York City,TRN,03/11/86,12/20/61,"5'02""",WHT,BS,
331,LAS0,F,Western,TST,03/14/86,12/05/61,"5'06""",WHT,BS,
332,LBC0,M,South Midland,TRN,02/05/86,07/01/56,"5'10""",WHT,MS,
333,LBW0,F,South Midland,TST,02/03/86,04/26/61,"5'7""",WHT,BS,
334,LEH0,F,Western,TRN,04/24/86,09/18/61,"5'5""",WHT,BS,
335,LEL0,M,South Midland,TRN,02/05/86,01/27/59,"5'7""",WHT,MS,
336,LET0,F,Western,TRN,01/23/86,09/14/61,"5'4""",WHT,BS,
337,LHD0,F,South Midland,TRN,02/21/86,07/12/47,"5'4""",WHT,MS,
338,LIH0,M,Southern,TST,01/29/86,01/10/62,"6'0""",BLK,??,
339,LJA0,F,Southern,TRN,05/08/86,03/23/54,"5'7""",WHT,MS,
340,LJB0,M,South Midland,TST,02/18/86,12/14/58,"5'11""",WHT,HS,
341,LJC0,M,South Midland,TRN,02/04/86,05/04/61,"5'10""",WHT,BS,
342,LJD0,F,North Midland,TRN,03/19/86,03/06/61,"5'06""",WHT,BS,
343,LJG0,F,Southern,TRN,04/09/86,02/17/22,"5'7""",WHT,MS,
344,LJH0,M,South Midland,TRN,02/20/86,03/15/50,"6'0""",AMR,AS,
345,LKD0,F,South Midland,TST,02/25/86,10/02/62,"5'5""",WHT,BS,
346,LKM0,F,South Midland,TRN,02/05/86,01/16/51,"5'2""",WHT,HS,
347,LLL0,M,South Midland,TST,02/25/86,05/27/59,"5'6""",WHT,BS,
348,LMA0,F,Northern,TRN,02/05/86,06/20/60,"5'8""",WHT,BS,
349,LMC0,F,Northern,TRN,02/25/86,11/10/63,"5'8""",WHT,BS,
350,LMK0,F,Southern,TRN,04/21/86,05/10/60,"5'0""",WHT,BS,
351,LNH0,F,New York City,TST,02/03/86,09/26/60,"5'8""",WHT,BS,
352,LNS0,M,North Midland,TRN,02/28/86,11/27/59,"5'6""",WHT,HS,
353,LNT0,M,North Midland,TST,02/12/86,04/09/53,"5'6""",BLK,MS,
354,LOD0,F,Southern,TRN,02/13/86,12/05/52,"5'2""",WHT,BS,
355,LSH0,M,South Midland,TRN,03/03/86,08/14/54,"5'9""",WHT,BS,
356,LTM0,F,North Midland,TRN,05/02/86,12/21/60,"5'2""",WHT,BS,
357,MAA0,M,Northern,TRN,03/13/86,07/12/59,"5'10""",WHT,BS,VOICE DISORDER: LOW PITCH/HARSH QUALITY
358,MAB0,M,North Midland,TST,02/25/86,03/16/58,"5'10""",WHT,HS,
359,MAB1,M,Southern,TRN,03/14/86,12/20/54,"6'02""",WHT,BS,
360,MAF0,F,South Midland,TST,03/11/86,03/07/44,"5'05""",WHT,BS,
361,MAG0,M,Northern,TRN,01/23/86,10/21/63,"6'2""",WHT,BS,
362,MAH0,F,Southern,TST,02/13/86,01/30/63,"5'3""",WHT,AS,
363,MAH1,F,Western,TRN,03/19/86,05/21/61,"5'07""",WHT,BS,
364,MAM0,M,North Midland,TRN,04/07/86,07/01/61,"5'11""",WHT,BS,
365,MAR0,M,North Midland,TRN,02/20/86,12/06/57,"5'9""",WHT,??,
366,MBG0,F,Army Brat,TRN,01/27/86,01/10/55,"5'4""",WHT,BS,
367,MBS0,M,South Midland,TRN,01/24/86,03/17/60,"6'2""",BLK,BS,
368,MCC0,M,Southern,TRN,02/20/86,06/10/58,"5'8""",WHT,BS,
369,MCM0,F,South Midland,TST,01/29/86,11/19/59,"5'6""",WHT,BS,
370,MDB0,M,New York City,TRN,04/10/86,04/07/54,"5'10""",WHT,BS,
371,MDB1,M,Northern,TST,04/11/86,06/03/62,"5'10""",WHT,BS,
372,MDG0,M,Western,TRN,01/24/86,10/08/52,"5'10""",WHT,BS,
373,MDH0,M,North Midland,TST,04/18/86,05/25/57,"6'0""",WHT,MS,
374,MDM0,M,South Midland,TRN,02/18/86,12/08/58,"6'3""",WHT,HS,
375,MDM1,M,Southern,TRN,03/03/86,09/13/57,"6'0""",WHT,HS,
376,MDM2,M,Northern,TST,03/10/86,01/14/59,"5'11""",WHT,MS,
377,MDS0,M,Northern,TRN,02/21/86,07/05/65,"6'0""",WHT,HS,
378,MEA0,M,Army Brat,TRN,02/26/86,08/05/62,"5'8""",WHT,MS,
379,MEB0,M,North Midland,TRN,02/25/86,02/25/42,"6'0""",???,BS,
380,MEM0,F,New England,TRN,02/25/86,06/17/28,"5'7""",WHT,HS,
381,MGC0,M,South Midland,TRN,02/17/86,02/26/53,"6'2""",WHT,BS,SLIGHT HEARING LOSS
382,MGD0,F,New York City,TST,03/31/86,10/29/31,"5'05""",WHT,HS,
383,MGG0,M,New England,TRN,05/08/86,06/30/60,"6'2""",WHT,MS,
384,MGK0,M,Northern,TRN,02/20/86,11/16/63,"6'2""",WHT,BS,
385,MJB0,F,Northern,TRN,01/29/86,06/18/63,"5'5""",WHT,HS,
386,MJB1,M,North Midland,TRN,02/28/86,03/30/59,"6'0""",WHT,BS,
387,MJF0,F,North Midland,TRN,02/06/86,12/13/54,"5'5""",WHT,MS,
388,MJR0,M,North Midland,TST,04/17/86,12/11/53,"6'1""",WHT,BS,
389,MJU0,F,New York City,TRN,02/27/86,04/23/59,"5'3""",???,HS,
390,MKC0,F,Western,TRN,05/06/86,12/09/58,"5'6""",WHT,MS,
391,MKF0,F,Northern,TRN,03/24/86,08/07/58,"5'03""",WHT,BS,
392,MLD0,F,Army Brat,TST,03/26/86,08/17/60,"5'02""",WHT,MS,FLEMISH IN HOME
393,MLM0,M,Army Brat,TRN,03/20/86,06/20/47,"6'04""",WHT,MS,
394,MMH0,F,Northern,TRN,03/25/86,01/14/63,"5'06""",WHT,BS,
395,MML0,F,Western,TST,04/21/86,08/27/61,"5'11""",WHT,BS,
396,MPG0,F,Southern,TRN,04/08/86,12/23/32,"5'5""",WHT,HS,
397,MPM0,M,Army Brat,TRN,04/29/86,02/06/56,"5'10""",WHT,BS,
398,MRP0,M,New England,TRN,02/28/86,01/15/59,"5'7""",WHT,HS,
399,MSM0,M,North Midland,TRN,01/21/86,02/03/63,"5'10""",WHT,BS,
400,MVP0,M,Southern,TRN,02/13/86,03/29/61,"5'8""",WHT,BS,
401,MWB0,M,Southern,TRN,04/10/86,09/17/62,"5'6""",WHT,??,
402,MWH0,M,North Midland,TST,01/16/86,06/28/59,"6'0""",WHT,BS,
403,MWS0,M,Army Brat,TRN,03/20/86,02/03/61,"6'00""",WHT,BS,
404,MWS1,M,Western,TRN,05/05/86,12/01/54,"5'6""",WHT,MS,
405,MXS0,M,Northern,TRN,03/19/86,05/29/54,"5'04""",WHT,AS,"FATHER SICILIAN, MOTHER CANADIAN OF SICILIAN PARENTS"
406,NET0,M,South Midland,TRN,03/07/86,12/02/37,"5'11""",WHT,??,
407,NJM0,M,Western,TST,04/01/86,03/30/55,"6'02""",WHT,BS,
408,NKL0,F,Army Brat,TRN,03/20/86,02/07/61,"5'07""",WHT,BS,
409,NLP0,F,Southern,TST,03/07/86,09/09/55,"5'8""",WHT,BS,ALSO RECORDED WITH COLD AS AN X
410,NLS0,M,Western,TST,03/13/86,03/10/44,"6'00""",WHT,BS,
411,NMR0,F,South Midland,TST,02/27/86,09/08/54,"5'8""",WHT,MS,
412,NTB0,F,North Midland,TRN,01/31/86,12/15/60,"5'8""",WHT,MS,
413,NTW0,M,Western,TRN,05/02/86,04/22/61,"6'4""",WHT,BS,
414,PAB0,M,Western,TST,01/23/86,04/10/54,"5'7""",WHT,BS,
415,PAB1,F,Western,TRN,03/12/86,04/09/62,"5'10""",WHT,BS,
416,PAC0,F,Western,TRN,02/13/86,03/18/62,"5'2""",???,BS,
417,PAD0,F,New York City,TRN,02/21/86,09/23/55,"5'3""",WHT,MS,
418,PAF0,F,South Midland,TRN,04/29/86,06/15/43,"5'5""",WHT,AS,
419,PAM0,M,Army Brat,TST,01/30/86,12/24/57,"6'0""",WHT,MS,
420,PAM1,M,New York City,TST,01/31/86,06/07/34,5'11,WHT,MS,
421,PAR0,M,Western,TRN,04/01/86,01/21/61,"5'08""",WHT,BS,
422,PAS0,F,Northern,TST,04/01/86,03/20/63,"5'06""",WHT,BS,
423,PAZ0,F,North Midland,TRN,04/02/86,04/15/54,"5'5""",WHT,BS,
424,PCS0,M,South Midland,TST,02/25/86,11/17/60,"5'11""",WHT,BS,
425,PDF0,M,Northern,TST,03/25/86,04/27/56,"5'11""",WHT,BS,
426,PEB0,M,South Midland,TRN,02/04/86,05/31/55,"6'0""",WHT,BS,
427,PFU0,M,Western,TRN,02/06/86,11/18/56,"5'7""",WHT,BS,
428,PGH0,M,New England,TRN,03/26/86,09/10/63,"5'08""",WHT,BS,
429,PGL0,M,Northern,TST,01/20/86,06/29/61,"6'0""",WHT,BS,
430,PGR0,M,New England,TRN,03/03/86,11/24/61,"5'8""",WHT,BS,
431,PGR1,M,New York City,TRN,03/18/86,12/21/59,"5'10""",WHT,BS,
432,PJF0,F,Northern,TRN,04/23/86,04/27/60,"5'4""",WHT,BS,
433,PKT0,F,North Midland,TST,03/25/86,08/09/61,"5'04""",WHT,BS,
434,PLB0,M,South Midland,TST,02/27/86,03/08/52,"6'1""",WHT,HS,
435,PLS0,F,Army Brat,TRN,04/02/86,03/03/65,"5'6""",WHT,HS,
436,PMB0,M,Southern,TRN,03/18/86,06/10/10,"5'07""",WHT,BS,
437,PMY0,F,Southern,TRN,01/27/86,06/25/58,"5'6""",BLK,HS,
438,PPC0,M,Northern,TRN,03/03/86,04/03/60,"5'5""",WHT,BS,
439,PRB0,M,Northern,TRN,01/31/86,08/29/53,"5'8""",WHT,AS,
440,PRD0,M,North Midland,TRN,03/04/86,07/03/50,"5'9""",WHT,AS,
441,PRK0,M,South Midland,TRN,01/17/86,03/10/58,"5'11""",WHT,MS,
442,PRT0,M,South Midland,TRN,01/31/86,03/07/53,"5'9""",WHT,PHD,
443,PSW0,M,New England,TRN,05/02/86,02/11/62,"5'10""",WHT,BS,
444,PWM0,M,South Midland,TST,01/23/86,02/12/56,"6'2""",WHT,BS,
445,RAB0,M,Northern,TRN,02/04/86,04/02/54,"5'9""",WHT,BS,HOARSE
446,RAB1,M,South Midland,TRN,03/13/86,02/05/53,"5'08""",WHT,PHD,
447,RAI0,M,New England,TRN,03/04/86,01/02/61,"5'8""",WHT,BS,
448,RAM0,M,Southern,TRN,02/12/86,10/31/60,"6'1""",WHT,BS,
449,RAM1,F,Northern,TST,02/25/86,11/10/60,"5'6""",WHT,MS,
450,RAV0,M,Southern,TRN,04/16/86,11/13/60,"6'4""",WHT,MS,
451,RBC0,M,North Midland,TRN,02/04/86,05/05/60,"6'1""",WHT,HS,
452,RCG0,M,New England,TRN,03/04/86,04/14/45,"6'1""",WHT,MS,
453,RCS0,M,Western,TST,02/04/86,12/07/46,"6'0""",WHT,MS,
454,RCW0,M,Northern,TRN,02/25/86,07/14/58,"6'3""",WHT,BS,
455,RCZ0,M,Northern,TST,03/25/86,04/02/58,"5'09""",WHT,MS,
456,RDD0,M,New England,TRN,04/24/86,12/25/43,"5'11""",WHT,BS,
457,RDM0,M,Army Brat,TRN,04/07/86,09/28/49,"6'2""",WHT,PHD,
458,RDS0,M,North Midland,TRN,01/28/86,09/03/53,"6'0""",WHT,MS,
459,REB0,M,New England,TST,02/25/86,12/04/58,"6'0""",WHT,BS,
460,REE0,M,North Midland,TRN,01/20/86,08/25/61,"6'6""",WHT,BS,
461,REH0,F,Western,TRN,02/18/86,07/20/62,"5'7""",WHT,BS,
462,REH1,M,North Midland,TRN,04/07/86,05/12/61,"5'9""",WHT,BS,
463,REM0,M,Western,TRN,04/02/86,10/05/34,"6'2""",WHT,BS,
464,RES0,M,Army Brat,TST,02/03/86,06/19/62,"6'4""",WHT,BS,
465,REW0,F,South Midland,TST,02/12/86,06/19/52,"5'4""",WHT,MS,
466,REW1,M,Southern,TRN,03/18/86,04/08/58,"6'00""",WHT,BS,
467,RFK0,M,Northern,TRN,05/07/86,12/03/51,"6'2""",WHT,BS,
468,RFL0,M,South Midland,TRN,01/27/86,09/22/52,"5'4""",WHT,BS,
469,RGG0,M,Northern,TST,01/31/86,05/10/61,"6'0""",WHT,BS,
470,RGM0,M,South Midland,TRN,01/28/86,09/27/54,"6'0""",BLK,HS,
471,RGS0,M,Northern,TRN,02/25/86,07/14/63,"5'8""",WHT,HS,
472,RHL0,M,Northern,TRN,03/19/86,02/08/54,"5'09""",WHT,MS,
473,RJB0,F,New York City,TRN,03/04/86,07/18/59,"5'4""",WHT,PHD,
474,RJB1,M,North Midland,TRN,04/17/86,09/01/62,"6'4""",WHT,BS,
475,RJH0,M,Northern,TRN,03/20/86,02/19/44,"5'09""",WHT,PHD,SOME HIGH FREQ. HEARING LOSS
476,RJM0,M,Northern,TRN,02/04/86,10/21/56,"6'0""",WHT,BS,
477,RJM1,M,Northern,TRN,02/14/86,07/03/47,"6'0""",WHT,MS,SEVERE HEARING LOSS
478,RJM3,M,Southern,TST,03/07/86,08/09/34,"6'01""",WHT,HS,
479,RJM4,M,Western,TST,03/14/86,08/03/50,"5'08""",WHT,MS,
480,RJO0,M,New England,TST,02/25/86,05/15/51,"5'10""",WHT,BS,
481,RJR0,M,New York City,TST,01/29/86,04/15/58,"5'9""",???,MS,WHISTLING /S/'S
482,RJS0,M,New York City,TST,03/06/86,07/20/60,"5'07""",WHT,BS,
483,RJT0,M,Northern,TRN,03/18/86,09/12/41,"6'00""",WHT,BS,
484,RKM0,M,Southern,TRN,02/11/86,10/27/56,"5'11""",BLK,BS,
485,RKO0,M,South Midland,TST,02/27/86,02/07/41,"6'3""",WHT,HS,
486,RLD0,M,Southern,TRN,04/02/86,12/25/55,"5'9""",WHT,MS,
487,RLJ0,M,Northern,TRN,03/04/86,12/06/51,"5'8""",WHT,BS,
488,RLJ1,M,Western,TRN,04/23/86,07/05/60,"6'0""",WHT,BS,
489,RLK0,M,Army Brat,TRN,03/12/86,05/25/51,"6'00""",WHT,BS,
490,RLL0,F,Northern,TRN,03/19/86,07/24/62,"5'06""",WHT,BS,
491,RLR0,M,Northern,TRN,01/30/86,03/29/59,"5'10""",WHT,MS,
492,RMB0,M,New York City,TRN,04/01/86,05/29/53,"6'00""",???,BS,
493,RMG0,M,Western,TRN,05/08/86,11/01/43,"5'11""",WHT,PHD,
494,RMH0,M,Western,TRN,04/17/86,02/26/60,"6'2""",WHT,BS,
495,RML0,M,Southern,TRN,03/04/86,03/19/53,"6'3""",WHT,BS,"SLOW RATE, /R/ IN WASH"
496,RMS0,M,Northern,TRN,03/12/86,03/11/60,"5'07""",WHT,BS,
497,RMS1,M,Western,TST,03/14/86,04/27/60,"6'00""",WHT,BS,
498,RNG0,F,South Midland,TST,02/25/86,09/21/61,"5'6""",WHT,HS,
499,ROA0,M,South Midland,TST,02/17/86,10/08/62,"6'3""",WHT,HS,SLIGHT HEARING LOSS
500,RPC0,M,Western,TST,01/22/86,09/14/60,"5'9""",WHT,BS,
501,RPC1,M,Western,TRN,03/13/86,12/12/62,"6'03""",WHT,BS,
502,RPP0,M,Southern,TST,01/29/86,09/12/58,"5'11""",WHT,MS,
503,RRE0,M,Army Brat,TRN,02/20/86,12/16/50,"5'10""",WHT,HS,
504,RRK0,M,Southern,TST,02/13/86,07/18/41,"5'9""",WHT,MS,"SLIGHT HEARING LOSS, BEEN IN DALLAS 22 YRS"
505,RSO0,M,New England,TRN,04/18/86,06/16/60,"6'0""",WHT,MS,
506,RSP0,M,South Midland,TRN,03/04/86,09/20/53,"5'10""",WHT,HS,
507,RTC0,M,North Midland,TRN,03/11/86,02/07/58,"6'00""",WHT,BS,
508,RTJ0,M,North Midland,TRN,02/27/86,11/14/37,"5'11""",WHT,HS,
509,RTK0,M,North Midland,TST,01/14/86,08/08/58,"6'0""",WHT,MS,
510,RVG0,M,Southern,TRN,01/23/86,04/14/54,"6'0""",WHT,BS,
511,RWA0,M,North Midland,TRN,04/08/86,05/05/60,"5'9""",WHT,BS,
512,RWS0,M,New England,TRN,01/20/86,03/10/59,"6'2""",WHT,BS,"MOVED DURING FIRST 5 YRS, CALLS MAINE HOME"
513,RWS1,M,Southern,TST,01/23/86,07/23/58,"5'10""",WHT,BS,
514,RXB0,M,New York City,TRN,04/02/86,03/16/60,"5'10""",???,MS,
515,SAG0,F,Southern,TRN,02/20/86,10/01/41,"5'5""",WHT,HS,
516,SAH0,F,New England,TRN,02/05/86,03/09/63,"5'9""",WHT,BS,
517,SAH1,M,Western,TRN,04/24/86,11/13/46,"5'10""",WHT,BS,
518,SAK0,F,South Midland,TRN,02/14/86,05/25/61,"5'2""",WHT,MS,
519,SAS0,M,Southern,TRN,02/25/86,12/13/59,"6'4""",WHT,BS,
520,SAT0,M,Northern,TRN,03/20/86,07/21/60,"5'11""",WHT,BS,
521,SAT1,M,New York City,TRN,05/06/86,02/10/57,"5'5""",WHT,MS,
522,SBK0,F,New York City,TRN,05/02/86,08/13/62,"5'2""",WHT,BS,
523,SCN0,F,Northern,TRN,02/06/86,11/27/59,"5'2""",WHT,BS,
524,SDB0,M,Western,TRN,04/15/86,06/20/57,"5'11""",WHT,MS,
525,SDC0,F,Southern,TRN,02/18/86,07/16/61,"5'5""",WHT,BS,
526,SDH0,M,Southern,TRN,04/09/86,11/25/61,"6'0""",WHT,BS,
527,SDJ0,F,New York City,TRN,01/21/86,08/21/62,"5'7""",WHT,BS,
528,SDS0,M,New York City,TRN,05/07/86,12/10/58,"5'8""",WHT,MS,
529,SEM0,F,South Midland,TST,01/30/86,10/07/64,"5'0""",WHT,HS,
530,SEM1,M,Southern,TRN,03/06/86,02/12/47,"6'0""",WHT,PHD,"ARTICLULATE, INHALE/EXHALE, SINGS"
531,SES0,M,Western,TRN,04/02/86,09/11/63,"5'8""",WHT,BS,
532,SFH0,M,South Midland,TRN,02/03/86,01/14/60,"5'10""",SPN,HS,
533,SFH1,M,Southern,TST,02/11/86,05/03/59,"5'9""",WHT,MS,
534,SFV0,M,North Midland,TRN,02/11/86,04/28/51,"6'3""",WHT,BS,
535,SGF0,F,New York City,TRN,03/26/86,05/10/42,"5'05""",WHT,MS,
536,SJG0,F,Southern,TRN,03/31/86,07/14/57,"5'03""",BLK,BS,
537,SJK0,M,New York City,TRN,04/07/86,08/09/31,"5'7""",WHT,BS,
538,SJK1,F,New England,TRN,04/18/86,01/16/61,"5'6""",WHT,BS,
539,SJS0,F,North Midland,TRN,01/28/86,04/12/57,"5'0""",WHT,BS,
540,SJS1,M,New England,TST,02/11/86,07/23/60,"5'9""",???,BS,
541,SJW0,F,North Midland,TRN,02/20/86,08/15/39,"5'5""",WHT,HS,
542,SKC0,F,North Midland,TRN,03/03/86,04/10/61,"6'0""",WHT,AS,
543,SKL0,F,Northern,TRN,03/21/86,12/11/61,"5'06""",WHT,BS,HAS A COLD
544,SKP0,F,Southern,TRN,01/20/86,12/15/61,"5'8""",WHT,BS,HAS A COLD
545,SLB0,M,Army Brat,TST,01/30/86,03/05/55,"5'6""",WHT,MS,
546,SLB1,F,Northern,TST,02/12/86,09/18/53,"5'8""",WHT,MS,
547,SLS0,F,North Midland,TRN,04/29/86,02/24/63,"5'9""",WHT,BS,
548,SMA0,F,New England,TRN,04/11/86,07/31/43,"5'3""",WHT,??,
549,SMC0,M,South Midland,TRN,02/12/86,11/16/55,"5'8""",WHT,MS,
550,SMM0,F,Southern,TRN,02/18/86,12/09/55,"5'6""",WHT,MS,
551,SMR0,M,New York City,TRN,02/28/86,02/09/52,"6'2""",WHT,BS,
552,SMS0,M,South Midland,TRN,03/05/86,09/19/39,"5'9""",WHT,??,
553,SMS1,F,Southern,TRN,03/18/86,06/19/61,"5'00""",WHT,BS,
554,SPM0,F,Western,TRN,02/05/86,06/20/55,"5'4""",WHT,PHD,
555,SRG0,M,South Midland,TRN,02/03/86,03/18/60,"5'8""",WHT,BS,
556,SRH0,F,Northern,TRN,02/14/86,06/25/62,"5'4""",WHT,HS,
557,SRR0,M,Southern,TRN,01/23/86,10/21/61,"5'9""",WHT,BS,
558,SSB0,F,South Midland,TRN,05/09/86,08/02/53,"5'5""",WHT,BS,
559,STF0,M,South Midland,TRN,02/27/86,07/22/59,"5'10""",WHT,BS,
560,STK0,M,New England,TST,04/17/86,12/04/60,"5'11""",WHT,BS,
561,SVS0,M,New York City,TRN,03/31/86,09/04/59,"6'02""",HSP,BS,
562,SXA0,F,Western,TST,01/21/86,07/31/59,"5'8""",WHT,BS,
563,TAA0,M,North Midland,TST,02/13/86,12/10/61,"5'6""",WHT,BS,
564,TAB0,M,Western,TRN,04/01/86,09/27/60,"6'02""",WHT,BS,
565,TAJ0,F,New York City,TRN,02/20/86,05/30/60,"5'5""",WHT,BS,
566,TAS0,M,South Midland,TRN,02/26/86,01/31/60,"5'11""",WHT,BS,
567,TAS1,M,Northern,TST,03/12/86,04/22/57,"5'11""",WHT,HS,
568,TAT0,M,Southern,TRN,01/21/86,08/08/50,"6'3""",WHT,BS,
569,TAT1,M,Northern,TRN,02/28/86,05/20/62,"6'0""",WHT,BS,
570,TBC0,M,Northern,TRN,01/29/86,10/19/59,"6'6""",WHT,BS,
571,TBR0,F,New England,TRN,03/26/86,09/11/61,"5'04""",WHT,HS,GLOTTAL FRY
572,TBW0,F,Southern,TRN,02/21/86,07/27/63,"5'9""",WHT,HS,
573,TCS0,M,Army Brat,TRN,02/21/86,02/19/57,"5'8""",???,HS,
574,TDB0,M,Northern,TRN,02/27/86,07/07/56,"6'2""",WHT,??,
575,TDP0,M,Southern,TRN,03/20/86,09/16/62,"6'00""",BLK,BS,
576,TDT0,M,North Midland,TST,04/11/86,11/29/55,"5'9""",WHT,BS,
577,TEB0,M,South Midland,TST,01/23/86,03/07/60,"5'6""",WHT,BS,
578,TER0,M,Western,TRN,01/27/86,08/29/46,"5'9""",WHT,MS,
579,THC0,M,North Midland,TST,04/16/86,07/01/59,"5'10""",WHT,MS,
580,TJG0,M,Northern,TRN,03/20/86,11/27/61,"6'03""",WHT,BS,
581,TJM0,M,North Midland,TRN,02/04/86,05/22/56,"5'7""",WHT,MS,
582,TJS0,M,New England,TRN,01/30/86,03/29/62,"5'10""",WHT,BS,
583,TJU0,M,New York City,TRN,02/27/86,01/12/60,"5'11""",???,MS,
584,TKD0,M,Western,TRN,01/30/86,12/27/54,"5'7""",WHT,BS,
585,TKP0,M,North Midland,TRN,04/17/86,03/22/62,"6'0""",WHT,BS,
586,TLB0,M,North Midland,TRN,01/23/86,04/11/59,"5'11""",WHT,MS,
587,TLC0,M,Western,TRN,03/13/86,06/15/47,"5'07""",WHT,MS,
588,TLG0,F,Southern,TRN,01/21/86,04/01/60,"5'6""",WHT,BS,
589,TLH0,F,Western,TST,04/16/86,04/11/55,"5'11""",WHT,BS,
590,TLS0,M,South Midland,TST,02/25/86,09/02/61,"5'11""",???,BS,
591,TMG0,F,Northern,TRN,03/21/86,06/25/60,"5'04""",WHT,BS,
592,TML0,M,Western,TRN,05/01/86,12/01/61,"6'0""",WHT,BS,
593,TMN0,M,Western,TRN,04/30/86,03/06/62,"6'1""",WHT,BS,
594,TMR0,M,Northern,TST,02/17/86,05/02/56,"5'10""",WHT,AS,
595,TMT0,M,Southern,TRN,01/22/86,03/19/57,"5'10""",WHT,MS,
596,TPF0,M,New England,TRN,02/05/86,09/02/59,"5'9""",WHT,MS,
597,TPG0,M,North Midland,TRN,02/26/86,11/04/57,"5'10""",WHT,BS,
598,TPP0,M,North Midland,TRN,03/19/86,01/25/43,"6'01""",WHT,BS,
599,TPR0,M,Western,TRN,04/07/86,09/06/52,"5'10""",WHT,BS,
600,TQC0,M,South Midland,TRN,03/06/86,08/09/55,"5'11""",WHT,AS,"OZARK, INTERESTING EXAMPLE"
601,TRC0,M,South Midland,TRN,04/11/86,12/18/62,"6'1""",WHT,AS,
602,TRR0,M,New England,TRN,03/25/86,07/18/60,"5'11""",WHT,AS,
603,TRT0,M,South Midland,TRN,02/04/86,08/12/58,"6'4""",WHT,MS,
604,TWH0,M,Western,TST,01/30/86,02/25/60,"5'8""",WHT,BS,GLOTTAL FRY
605,TWH1,M,Western,TRN,03/19/86,05/14/60,"6'01""",WHT,BS,CAREFUL PRONUNCIATION
606,TXS0,M,New York City,TRN,04/29/86,02/29/56,"6'0""",WHT,AS,
607,UTB0,F,Southern,TST,01/31/86,09/22/60,"5'10""",BLK,HS,NEW ORLEANS
608,VFB0,F,New England,TRN,04/18/86,04/14/62,"5'2""",WHT,BS,
609,VJH0,M,North Midland,TRN,03/26/86,06/03/40,"5'07""",WHT,PHD,
610,VKB0,F,Western,TRN,01/27/86,08/31/61,"5'8""",WHT,BS,
611,VLO0,M,Southern,TRN,01/24/86,10/13/46,"5'8""",WHT,MS,
612,VMH0,F,New England,TRN,03/11/86,01/08/60,"5'05""",WHT,BS,BEST NEW ENGLAND ACCENT SO FAR
613,VRW0,M,Western,TRN,03/13/86,10/27/59,"5'09""",WHT,MS,
614,WAC0,M,Southern,TRN,04/07/86,04/15/29,"5'6""",WHT,MS,
615,WAD0,M,New England,TRN,04/30/86,12/01/60,"5'9""",WHT,BS,
616,WAR0,M,New England,TRN,04/23/86,03/14/59,"5'9""",WHT,BS,
617,WBT0,M,New England,TST,03/26/86,05/24/34,"6'00""",WHT,BS,
618,WCH0,M,Southern,TRN,04/11/86,07/16/60,"5'10""",WHT,AS,
619,WDK0,M,North Midland,TRN,03/05/86,11/13/56,"6'2""",WHT,BS,
620,WEM0,M,Southern,TRN,02/19/86,02/02/57,"5'2""",BLK,BS,
621,WEW0,M,Northern,TST,02/25/86,09/29/58,"6'0""",WHT,BS,
622,WGR0,M,North Midland,TRN,04/09/86,08/30/61,"6'3""",WHT,MS,
623,WJG0,M,North Midland,TST,01/22/86,12/23/52,"6'0""",WHT,MS,
624,WRE0,M,Western,TRN,04/29/86,09/25/51,"5'9""",WHT,BS,
625,WRP0,M,Western,TRN,03/06/86,10/11/50,"5'08""",WHT,MS,
626,WSB0,M,Northern,TRN,04/11/86,07/31/59,"5'8""",WHT,BS,
627,WSH0,M,Southern,TRN,03/04/86,06/01/63,"6'0""",WHT,BS,
628,WVW0,M,Northern,TST,03/13/86,02/22/62,"5'04""",WHT,BS,"MOTHER FROM ITALY, FATHER FROM PENN"
629,ZMB0,M,Northern,TRN,01/28/86,08/31/60,"5'10""",???,BS,
